"","ONTOLOGY","ID","Description","GeneRatio","BgRatio","pvalue","p.adjust","qvalue","geneID","Count"
"GO:0071456","BP","GO:0071456","cellular response to hypoxia","19/414","239/22094",1.41719916158988e-07,4.61394836933946e-05,4.30105539497355e-05,"AT1G01720/AT1G03220/AT1G03610/AT1G07135/AT1G07150/AT1G07870/AT1G09070/AT1G13260/AT1G13360/AT1G17290/AT1G18300/AT1G19530/AT1G23710/AT1G25550/AT1G25560/AT1G26270/AT1G27730/AT1G32928/AT1G35140",19
"GO:0036294","BP","GO:0036294","cellular response to decreased oxygen levels","19/414","241/22094",1.61455825710135e-07,4.61394836933946e-05,4.30105539497355e-05,"AT1G01720/AT1G03220/AT1G03610/AT1G07135/AT1G07150/AT1G07870/AT1G09070/AT1G13260/AT1G13360/AT1G17290/AT1G18300/AT1G19530/AT1G23710/AT1G25550/AT1G25560/AT1G26270/AT1G27730/AT1G32928/AT1G35140",19
"GO:0071453","BP","GO:0071453","cellular response to oxygen levels","19/414","241/22094",1.61455825710135e-07,4.61394836933946e-05,4.30105539497355e-05,"AT1G01720/AT1G03220/AT1G03610/AT1G07135/AT1G07150/AT1G07870/AT1G09070/AT1G13260/AT1G13360/AT1G17290/AT1G18300/AT1G19530/AT1G23710/AT1G25550/AT1G25560/AT1G26270/AT1G27730/AT1G32928/AT1G35140",19
"GO:0001666","BP","GO:0001666","response to hypoxia","20/414","266/22094",1.6514390406176e-07,4.61394836933946e-05,4.30105539497355e-05,"AT1G01720/AT1G03220/AT1G03610/AT1G07135/AT1G07150/AT1G07870/AT1G09070/AT1G13260/AT1G13360/AT1G17290/AT1G18300/AT1G19530/AT1G23310/AT1G23710/AT1G25550/AT1G25560/AT1G26270/AT1G27730/AT1G32928/AT1G35140",20
"GO:0036293","BP","GO:0036293","response to decreased oxygen levels","20/414","270/22094",2.10180482073374e-07,4.61394836933946e-05,4.30105539497355e-05,"AT1G01720/AT1G03220/AT1G03610/AT1G07135/AT1G07150/AT1G07870/AT1G09070/AT1G13260/AT1G13360/AT1G17290/AT1G18300/AT1G19530/AT1G23310/AT1G23710/AT1G25550/AT1G25560/AT1G26270/AT1G27730/AT1G32928/AT1G35140",20
"GO:0070482","BP","GO:0070482","response to oxygen levels","20/414","271/22094",2.2307566652729e-07,4.61394836933946e-05,4.30105539497355e-05,"AT1G01720/AT1G03220/AT1G03610/AT1G07135/AT1G07150/AT1G07870/AT1G09070/AT1G13260/AT1G13360/AT1G17290/AT1G18300/AT1G19530/AT1G23310/AT1G23710/AT1G25550/AT1G25560/AT1G26270/AT1G27730/AT1G32928/AT1G35140",20
